1,Keri,Rimer,Male,Junior Executive,krimer0@hc360.com
2,Elora,Geaney,Male,Human Resources Assistant I,egeaney1@uol.com.br
3,Christoffer,Scotchmor,Male,Web Designer II,cscotchmor2@amazon.co.jp
4,Christoph,Tamas,Male,Administrative Officer,ctamas3@hp.com
5,Nessy,Shatliff,Female,Teacher,nshatliff4@cbslocal.com
6,Starlin,Stores,Female,Community Outreach Specialist,sstores5@time.com
7,Alika,Christofor,Female,Programmer Analyst IV,achristofor6@tuttocitta.it
8,Anetta,Muzzlewhite,Female,Help Desk Operator,amuzzlewhite7@nytimes.com
9,Pansie,Trathan,Male,Software Test Engineer II,ptrathan8@godaddy.com
10,Philis,Roscamps,Male,Actuary,proscamps9@about.com
11,Demeter,Spinks,Male,GIS Technical Architect,dspinksa@usnews.com
12,Salaidh,Mathiot,Female,Database Administrator IV,smathiotb@epa.gov
13,Zahara,Comino,Female,Product Engineer,zcominoc@stumbleupon.com
14,Worth,Philippou,Female,Environmental Specialist,wphilippoud@digg.com
15,Carmina,Staniford,Male,Research Associate,cstaniforde@joomla.org
16,Reeva,Slayny,Female,Research Assistant I,rslaynyf@usa.gov
17,Hildagard,Scroxton,Female,GIS Technical Architect,hscroxtong@networkadvertising.org
18,Jobye,Snepp,Female,Account Executive,jsnepph@wordpress.org
19,Andres,Shallo,Female,Occupational Therapist,ashalloi@artisteer.com
20,Rab,Grimsey,Female,Teacher,rgrimseyj@ucsd.edu
21,Thoma,Vasilyonok,Male,Financial Analyst,tvasilyonokk@etsy.com
22,Nicolas,Odom,Female,Clinical Specialist,nodoml@php.net
23,Madlin,Meardon,Female,Speech Pathologist,mmeardonm@usa.gov
24,Adriane,Jensen,Female,Software Engineer IV,ajensenn@yolasite.com
25,Marlyn,Pudan,Female,Web Designer II,mpudano@fema.gov
26,Salaidh,Thake,Male,General Manager,sthakep@usda.gov
27,Emmye,Vaisey,Female,Account Coordinator,evaiseyq@reddit.com
28,Harley,Budding,Male,Programmer Analyst IV,hbuddingr@reference.com
29,Kissie,Haskayne,Female,VP Product Management,khaskaynes@howstuffworks.com
30,Lorain,O'Cridigan,Female,Safety Technician III,locridigant@comsenz.com
31,Ernesta,Sepey,Male,Accounting Assistant IV,esepeyu@skyrock.com
32,Barney,Steely,Female,Statistician IV,bsteelyv@google.fr
33,Viva,Yeudall,Female,Operator,vyeudallw@acquirethisname.com
34,Gerald,Kneal,Female,Cost Accountant,gknealx@last.fm
35,Ingra,Keenleyside,Female,Technical Writer,ikeenleysidey@vkontakte.ru
36,Filippa,Moohan,Female,Editor,fmoohanz@yelp.com
37,Jerri,Teodoro,Female,VP Marketing,jteodoro10@mail.ru
38,Ellie,Casaccio,Male,Research Nurse,ecasaccio11@wisc.edu
39,Lara,Dmiterko,Female,Physical Therapy Assistant,ldmiterko12@si.edu
40,Wilburt,Youster,Female,Developer IV,wyouster13@vkontakte.ru
41,Wyndham,Keal,Male,Civil Engineer,wkeal14@discovery.com
42,Olivie,Ruste,Female,Chemical Engineer,oruste15@oracle.com
43,Gottfried,Kenny,Female,Teacher,gkenny16@newyorker.com
44,Graig,Dibling,Female,Structural Analysis Engineer,gdibling17@seattletimes.com
45,Danice,Cherryman,Female,Desktop Support Technician,dcherryman18@pinterest.com
46,Tony,Raund,Male,Sales Associate,traund19@4shared.com
47,Angela,Dumbreck,Male,Computer Systems Analyst IV,adumbreck1a@ifeng.com
48,Deeann,Wannan,Female,Sales Associate,dwannan1b@fema.gov
49,Waldon,Gatfield,Male,Structural Engineer,wgatfield1c@dedecms.com
50,Billie,Lark,Male,Business Systems Development Analyst,blark1d@usa.gov
51,Homer,Cansdill,Female,Sales Associate,hcansdill1e@wordpress.org
52,Amble,Curner,Male,Quality Engineer,acurner1f@umich.edu
53,Jillayne,Fairlamb,Female,Product Engineer,jfairlamb1g@prnewswire.com
54,Geneva,Mordanti,Female,Senior Sales Associate,gmordanti1h@zimbio.com
55,Jeffie,Belison,Female,Programmer Analyst III,jbelison1i@si.edu
56,Reube,Berntsson,Male,Marketing Assistant,rberntsson1j@amazon.com
57,Ellswerth,McLice,Male,Editor,emclice1k@cmu.edu
58,Merrel,Scholes,Female,Senior Quality Engineer,mscholes1l@hao123.com
59,Anthia,Featley,Female,Quality Control Specialist,afeatley1m@vk.com
60,Jacques,Gabrieli,Male,Analyst Programmer,jgabrieli1n@spotify.com
61,Anson,Matfield,Female,Recruiter,amatfield1o@yelp.com
62,Nert,Shalloe,Male,Health Coach IV,nshalloe1p@addthis.com
63,Miguelita,Davitt,Male,Programmer I,mdavitt1q@typepad.com
64,Mellie,Trivett,Male,Director of Sales,mtrivett1r@wired.com
65,Inga,Cotterill,Male,Help Desk Operator,icotterill1s@blog.com
66,Lindi,Colquhoun,Male,Accountant I,lcolquhoun1t@parallels.com
67,Kendre,Stocky,Female,Human Resources Manager,kstocky1u@live.com
68,Jonas,McKeady,Female,Human Resources Assistant III,jmckeady1v@alibaba.com
69,Zared,Ousby,Female,Assistant Manager,zousby1w@upenn.edu
70,Ali,Coalbran,Male,Nurse Practicioner,acoalbran1x@theguardian.com
71,Bjorn,Norledge,Male,Staff Scientist,bnorledge1y@biglobe.ne.jp
72,Minette,Segoe,Male,Biostatistician IV,msegoe1z@fastcompany.com
73,Lesly,Cawker,Female,Programmer Analyst II,lcawker20@apache.org
74,Gabey,Noni,Female,Assistant Professor,gnoni21@umn.edu
75,Fredericka,MacEveley,Female,Health Coach III,fmaceveley22@amazon.com
76,Margarita,Skip,Female,Staff Accountant IV,mskip23@walmart.com
77,Chalmers,Darkins,Male,Design Engineer,cdarkins24@sakura.ne.jp
78,Brnaby,Godwin,Female,Technical Writer,bgodwin25@google.co.jp
79,Celine,Bewlie,Female,Account Executive,cbewlie26@gnu.org
80,Nerti,Smitton,Male,Librarian,nsmitton27@smugmug.com
81,Theda,Rolles,Female,Chief Design Engineer,trolles28@twitter.com
82,Edi,Caberas,Female,Clinical Specialist,ecaberas29@cmu.edu
83,Stevie,Burd,Female,Technical Writer,sburd2a@fastcompany.com
84,Kippie,Kairns,Female,Chief Design Engineer,kkairns2b@nhs.uk
85,Essie,Bunney,Female,Information Systems Manager,ebunney2c@unc.edu
86,Claudio,Hutchison,Female,Senior Cost Accountant,chutchison2d@soup.io
87,Fletch,Zucker,Male,Office Assistant III,fzucker2e@facebook.com
88,Gusta,Gomar,Male,Human Resources Assistant II,ggomar2f@ustream.tv
89,Grissel,Zorn,Female,Software Consultant,gzorn2g@domainmarket.com
90,Hasheem,Earland,Female,Staff Scientist,hearland2h@jugem.jp
91,Sheffield,Elmhirst,Male,Chief Design Engineer,selmhirst2i@elpais.com
92,Toby,Benbough,Female,Senior Developer,tbenbough2j@booking.com
93,Raffaello,Suddards,Female,Graphic Designer,rsuddards2k@bravesites.com
94,Neil,Brooks,Male,Assistant Media Planner,nbrooks2l@merriam-webster.com
95,Johnathon,Trice,Female,Executive Secretary,jtrice2m@berkeley.edu
96,Regen,Buffham,Female,Product Engineer,rbuffham2n@diigo.com
97,Leonidas,Bearham,Female,Account Coordinator,lbearham2o@angelfire.com
98,Thebault,Gavozzi,Male,Research Assistant IV,tgavozzi2p@hhs.gov
99,Sinclair,Smithin,Male,Account Executive,ssmithin2q@baidu.com
100,Hugh,Balharry,Female,Human Resources Manager,hbalharry2r@nps.gov
101,Elset,McGraffin,Female,Librarian,emcgraffin2s@slashdot.org
102,Elbertine,Heijne,Female,Registered Nurse,eheijne2t@oracle.com
103,Hallie,Gorghetto,Male,Tax Accountant,hgorghetto2u@illinois.edu
104,Trenton,O'Bradain,Female,Budget/Accounting Analyst I,tobradain2v@histats.com
105,Wilt,Spurden,Male,Software Test Engineer II,wspurden2w@taobao.com
106,Oliviero,Ick,Male,Human Resources Assistant I,oick2x@weather.com
107,Maribeth,Cumberland,Female,VP Marketing,mcumberland2y@gov.uk
108,Fredi,Haryngton,Male,Marketing Manager,fharyngton2z@angelfire.com
109,Evangeline,Chiddy,Female,Analog Circuit Design manager,echiddy30@uiuc.edu
110,Jocelin,Milward,Male,Research Associate,jmilward31@dailymail.co.uk
111,Curtis,Niaves,Male,Automation Specialist III,cniaves32@pinterest.com
112,Jorrie,Aronin,Female,Librarian,jaronin33@army.mil
113,Viviyan,Malone,Female,GIS Technical Architect,vmalone34@ustream.tv
114,Beverlie,Hector,Male,Database Administrator IV,bhector35@nhs.uk
115,Carmine,Mee,Male,Programmer Analyst III,cmee36@bbc.co.uk
116,Kaila,Ferrarini,Male,Health Coach III,kferrarini37@google.com.br
117,Flo,Jackling,Female,Professor,fjackling38@mashable.com
118,Richart,Cogley,Male,Sales Associate,rcogley39@de.vu
119,Andreas,Kinze,Female,Project Manager,akinze3a@youku.com
120,Baillie,Jurries,Male,Actuary,bjurries3b@tumblr.com
121,Fawnia,McKue,Female,Software Test Engineer IV,fmckue3c@163.com
122,Uri,Elies,Male,Senior Financial Analyst,uelies3d@intel.com
123,Romeo,Tesdale,Female,Research Assistant III,rtesdale3e@1688.com
124,Eberhard,Darragon,Female,Director of Sales,edarragon3f@wunderground.com
125,Kara-lynn,Maystone,Female,Geologist II,kmaystone3g@multiply.com
126,Mellie,Wetherhead,Female,Recruiter,mwetherhead3h@jalbum.net
127,Roddie,Torrie,Male,Research Associate,rtorrie3i@google.ca
128,Ferdy,Yeomans,Female,Web Designer IV,fyeomans3j@adobe.com
129,Abie,Cordeau],Female,Social Worker,acordeau3k@cnbc.com
130,Rosalie,Dmitriev,Male,Accounting Assistant IV,rdmitriev3l@opera.com
131,Montgomery,Downer,Male,Engineer IV,mdowner3m@sohu.com
132,Curcio,Dyzart,Female,Associate Professor,cdyzart3n@homestead.com
133,Ebony,Rignall,Female,Assistant Media Planner,erignall3o@nhs.uk
134,Kendell,Armell,Male,Chief Design Engineer,karmell3p@bloglovin.com
135,Margalit,Greenaway,Male,Office Assistant I,mgreenaway3q@admin.ch
136,Rafe,Coweuppe,Male,Desktop Support Technician,rcoweuppe3r@imageshack.us
137,Gerladina,Edmondson,Male,Tax Accountant,gedmondson3s@sina.com.cn
138,Kelley,Midlane,Male,Health Coach I,kmidlane3t@usgs.gov
139,Lucienne,Sherrard,Female,Safety Technician II,lsherrard3u@digg.com
140,Stefanie,Duffett,Female,Cost Accountant,sduffett3v@indiatimes.com
141,Skipton,Keizman,Female,Senior Quality Engineer,skeizman3w@ebay.com
142,Kristan,Newdick,Male,Desktop Support Technician,knewdick3x@sitemeter.com
143,Lucilia,Earey,Female,Web Designer IV,learey3y@simplemachines.org
144,Ruthy,Dunkirk,Female,Chemical Engineer,rdunkirk3z@wiley.com
145,Tarrah,Penke,Female,VP Accounting,tpenke40@boston.com
146,Karmen,Feltham,Female,Statistician I,kfeltham41@angelfire.com
147,Dayle,Cuchey,Female,Environmental Tech,dcuchey42@newyorker.com
148,Ofelia,Foulgham,Female,Accounting Assistant III,ofoulgham43@clickbank.net
149,Toddy,Spadaro,Female,Sales Representative,tspadaro44@washingtonpost.com
150,Sarah,Sheards,Female,Database Administrator III,ssheards45@salon.com
151,Killy,Brownfield,Male,Civil Engineer,kbrownfield46@wired.com
152,Carmina,Tooley,Female,Senior Editor,ctooley47@unc.edu
153,Lulu,Salvador,Male,Junior Executive,lsalvador48@newsvine.com
154,Everard,De Bruyn,Male,Automation Specialist IV,edebruyn49@yahoo.co.jp
155,Adelbert,Smaile,Male,Data Coordiator,asmaile4a@1688.com
156,Porter,Staines,Male,Systems Administrator III,pstaines4b@bandcamp.com
157,Grantham,Carefull,Female,Recruiter,gcarefull4c@joomla.org
158,Trixi,Sinnett,Male,Account Executive,tsinnett4d@nsw.gov.au
159,Renell,Wisbey,Female,Automation Specialist IV,rwisbey4e@linkedin.com
160,Sheppard,Slipper,Male,Electrical Engineer,sslipper4f@list-manage.com
161,Herb,Aspden,Female,Information Systems Manager,haspden4g@g.co
162,Berty,Willcocks,Female,Accountant IV,bwillcocks4h@umn.edu
163,Quill,Ellett,Female,Nurse Practicioner,qellett4i@unesco.org
164,Chrissy,Currom,Female,Senior Editor,ccurrom4j@npr.org
165,Veda,Flory,Female,Marketing Assistant,vflory4k@eepurl.com
166,Dulci,Sturgis,Female,Senior Developer,dsturgis4l@rambler.ru
167,Price,Stille,Female,Product Engineer,pstille4m@xrea.com
168,Gal,Gaudin,Female,Senior Sales Associate,ggaudin4n@example.com
169,Cedric,Pringour,Male,Assistant Media Planner,cpringour4o@alibaba.com
170,Germana,Avann,Male,Senior Quality Engineer,gavann4p@addthis.com
171,Pascale,Fillingham,Female,Database Administrator II,pfillingham4q@constantcontact.com
172,Raul,Hallworth,Female,Safety Technician IV,rhallworth4r@businessweek.com
173,Thorsten,Goudy,Male,Marketing Assistant,tgoudy4s@ibm.com
174,Felecia,Tarbox,Male,Safety Technician IV,ftarbox4t@photobucket.com
175,Camel,Crapper,Male,Structural Engineer,ccrapper4u@ycombinator.com
176,David,Murty,Male,Food Chemist,dmurty4v@arizona.edu
177,Alice,Burnep,Male,Marketing Manager,aburnep4w@1688.com
178,Hershel,Seakings,Female,Recruiting Manager,hseakings4x@blinklist.com
179,Dewitt,Fearnley,Male,Help Desk Operator,dfearnley4y@wp.com
180,Aundrea,Litherborough,Male,VP Product Management,alitherborough4z@toplist.cz
181,Chauncey,Cron,Male,General Manager,ccron50@soundcloud.com
182,Dina,Atterley,Female,VP Accounting,datterley51@apple.com
183,Hildy,Hardcastle,Female,Food Chemist,hhardcastle52@ucsd.edu
184,Moritz,Villiers,Female,Compensation Analyst,mvilliers53@washingtonpost.com
185,Drud,Mathissen,Female,VP Sales,dmathissen54@devhub.com
186,Raye,Curragh,Male,Electrical Engineer,rcurragh55@bloglovin.com
187,Kevon,Noli,Female,Research Associate,knoli56@ow.ly
188,Brandon,McQuilliam,Male,Sales Representative,bmcquilliam57@cdc.gov
189,Win,Gotcher,Male,Structural Engineer,wgotcher58@ifeng.com
190,Tabbi,Bedo,Male,Pharmacist,tbedo59@nps.gov
191,Anatole,Orris,Male,Accounting Assistant IV,aorris5a@psu.edu
192,Billie,Rowlett,Female,Analyst Programmer,browlett5b@vkontakte.ru
193,Vick,Leatherborrow,Female,Community Outreach Specialist,vleatherborrow5c@washingtonpost.com
194,Pierson,Crooke,Female,Account Executive,pcrooke5d@irs.gov
195,Mirabelle,Kilmartin,Female,Nurse,mkilmartin5e@goo.ne.jp
196,Nicky,Grigoryev,Female,Administrative Officer,ngrigoryev5f@google.nl
197,Tan,Greim,Male,Community Outreach Specialist,tgreim5g@cloudflare.com
198,Octavia,De Biasi,Female,General Manager,odebiasi5h@wunderground.com
199,Sonnnie,Stanlick,Female,Accounting Assistant II,sstanlick5i@google.it
200,Adora,Biles,Female,Programmer IV,abiles5j@nifty.com
201,Sheela,Toppes,Male,Media Manager III,stoppes5k@cornell.edu
202,Trueman,Jolliman,Female,Office Assistant IV,tjolliman5l@columbia.edu
203,Jens,Caile,Female,Environmental Tech,jcaile5m@blogspot.com
204,Moises,Elford,Male,Budget/Accounting Analyst III,melford5n@mlb.com
205,Linn,Blandamore,Female,Staff Scientist,lblandamore5o@addthis.com
206,Dore,Roberto,Female,Nuclear Power Engineer,droberto5p@desdev.cn
207,Tanya,Tregea,Female,Programmer Analyst II,ttregea5q@usgs.gov
208,Sherline,Wike,Female,Cost Accountant,swike5r@sitemeter.com
209,Tye,Dreamer,Male,Technical Writer,tdreamer5s@php.net
210,Ros,Blampied,Male,Office Assistant II,rblampied5t@soup.io
211,Zacharias,Poor,Male,Data Coordiator,zpoor5u@vistaprint.com
212,Bobbette,Varvara,Male,Human Resources Assistant II,bvarvara5v@tiny.cc
213,Tabbi,Veel,Female,Junior Executive,tveel5w@mashable.com
214,Therese,Rickford,Female,Database Administrator II,trickford5x@cbsnews.com
215,Abby,O'Connolly,Male,Statistician II,aoconnolly5y@alibaba.com
216,Eudora,Pimer,Male,Senior Cost Accountant,epimer5z@taobao.com
217,Willem,Junkinson,Female,VP Accounting,wjunkinson60@storify.com
218,Lani,Vondruska,Female,Accounting Assistant I,lvondruska61@behance.net
219,Marketa,Checklin,Male,Software Engineer III,mchecklin62@gizmodo.com
220,Dyanna,Cullity,Female,Sales Representative,dcullity63@oracle.com
221,Nonnah,Seelbach,Female,VP Sales,nseelbach64@amazon.de
222,Wilden,McGuigan,Female,Assistant Media Planner,wmcguigan65@nbcnews.com
223,Clemens,Hurdwell,Male,Staff Accountant I,churdwell66@barnesandnoble.com
224,Yoko,Galvan,Female,Registered Nurse,ygalvan67@behance.net
225,Carma,Pilkington,Female,Account Coordinator,cpilkington68@scribd.com
226,Nonna,Sporrij,Female,Structural Engineer,nsporrij69@geocities.jp
227,Carlie,Growcott,Male,Professor,cgrowcott6a@cbc.ca
228,Silvano,Shillabeare,Female,Geological Engineer,sshillabeare6b@discuz.net
229,Maridel,de Najera,Female,Actuary,mdenajera6c@ca.gov
230,Arielle,Elph,Female,Recruiter,aelph6d@naver.com
231,Cullie,Batrip,Female,VP Product Management,cbatrip6e@foxnews.com
232,Dorey,Lea,Male,Operator,dlea6f@ca.gov
233,Annalise,Haseldine,Male,Research Assistant III,ahaseldine6g@gmpg.org
234,Wendeline,Evitt,Female,Project Manager,wevitt6h@about.com
235,Row,Brody,Male,Physical Therapy Assistant,rbrody6i@over-blog.com
236,Knox,Dufore,Female,Community Outreach Specialist,kdufore6j@marketwatch.com
237,Dick,Bumpass,Male,Product Engineer,dbumpass6k@histats.com
238,Sarajane,Binfield,Female,Senior Quality Engineer,sbinfield6l@edublogs.org
239,Gran,Whitecross,Female,Pharmacist,gwhitecross6m@fastcompany.com
240,Hartwell,Honsch,Female,Human Resources Manager,hhonsch6n@state.gov
241,Luce,Chappell,Male,Account Coordinator,lchappell6o@macromedia.com
242,Kenn,Rosbrough,Female,Business Systems Development Analyst,krosbrough6p@cbsnews.com
243,Gerty,Breslin,Male,Civil Engineer,gbreslin6q@addthis.com
244,Sharl,Sharrocks,Female,Recruiting Manager,ssharrocks6r@businesswire.com
245,Marijo,Pfeffle,Female,Paralegal,mpfeffle6s@techcrunch.com
246,Janaye,Boykett,Male,Senior Developer,jboykett6t@t-online.de
247,Nelson,Elam,Male,Software Test Engineer I,nelam6u@hubpages.com
248,Benton,Leverington,Female,Librarian,bleverington6v@altervista.org
249,Mildred,Adam,Female,Recruiting Manager,madam6w@reference.com
250,Danyelle,Baynton,Male,Geologist III,dbaynton6x@networksolutions.com
251,Hagan,Hasslocher,Female,Nuclear Power Engineer,hhasslocher6y@timesonline.co.uk
252,Karil,Sexton,Male,Graphic Designer,ksexton6z@earthlink.net
253,Marie-jeanne,Crennell,Male,Nuclear Power Engineer,mcrennell70@adobe.com
254,Thea,Emma,Male,Operator,temma71@behance.net
255,Kaylyn,Cranefield,Male,Budget/Accounting Analyst IV,kcranefield72@wikispaces.com
256,Cameron,Kloisner,Female,General Manager,ckloisner73@geocities.jp
257,Kare,Columbine,Male,Internal Auditor,kcolumbine74@accuweather.com
258,Dewain,Carbin,Male,Senior Financial Analyst,dcarbin75@typepad.com
259,Darya,Tolchar,Male,Assistant Professor,dtolchar76@symantec.com
260,Yard,O'Doghesty,Male,Assistant Manager,yodoghesty77@answers.com
261,Etienne,Romaine,Male,Systems Administrator III,eromaine78@skyrock.com
262,Udale,Claricoates,Male,Senior Financial Analyst,uclaricoates79@nytimes.com
263,Jada,Cordsen,Female,Cost Accountant,jcordsen7a@kickstarter.com
264,Cornelia,Martensen,Female,Chief Design Engineer,cmartensen7b@pagesperso-orange.fr
265,Geraldine,Biers,Male,Financial Advisor,gbiers7c@a8.net
266,Wade,Matheson,Female,Statistician II,wmatheson7d@51.la
267,Sonny,Keiling,Male,Financial Advisor,skeiling7e@ox.ac.uk
268,Borg,Youel,Male,Accountant I,byouel7f@nasa.gov
269,Wrennie,Cain,Male,General Manager,wcain7g@google.ca
270,Willis,Vasyutichev,Female,Human Resources Manager,wvasyutichev7h@accuweather.com
271,Faith,Jeremaes,Female,Budget/Accounting Analyst IV,fjeremaes7i@google.it
272,Laurel,Axby,Female,Geologist I,laxby7j@stanford.edu
273,Wood,Cheine,Male,Programmer Analyst IV,wcheine7k@intel.com
274,Celestine,Grigoryev,Female,Senior Editor,cgrigoryev7l@github.com
275,Had,Robic,Male,Product Engineer,hrobic7m@arstechnica.com
276,Ainslie,Rosenshine,Female,Structural Engineer,arosenshine7n@netscape.com
277,Glyn,Nuccitelli,Male,Food Chemist,gnuccitelli7o@salon.com
278,Hillyer,Gaine,Female,Project Manager,hgaine7p@shutterfly.com
279,Marlowe,Wyldish,Female,Safety Technician I,mwyldish7q@themeforest.net
280,Roanne,Mussard,Male,Senior Financial Analyst,rmussard7r@mysql.com
281,Flossi,McLenahan,Female,Safety Technician I,fmclenahan7s@nymag.com
282,Emmerich,Mixworthy,Male,Compensation Analyst,emixworthy7t@altervista.org
283,Freeland,Novak,Female,Marketing Manager,fnovak7u@wsj.com
284,Cosme,Danjoie,Female,Web Designer III,cdanjoie7v@devhub.com
285,Chuck,Gorstidge,Male,Mechanical Systems Engineer,cgorstidge7w@arizona.edu
286,Crin,Haccleton,Female,Recruiter,chaccleton7x@miibeian.gov.cn
287,Cleon,Bortoli,Male,Payment Adjustment Coordinator,cbortoli7y@weebly.com
288,Edythe,Syred,Female,VP Quality Control,esyred7z@blogspot.com
289,Delmor,Gunson,Male,VP Product Management,dgunson80@stanford.edu
290,Valenka,Huburn,Male,Financial Analyst,vhuburn81@tiny.cc
291,Mabelle,Gough,Female,Technical Writer,mgough82@ycombinator.com
292,Gwyneth,Emslie,Male,Help Desk Operator,gemslie83@clickbank.net
293,Andrey,Klimpke,Female,Software Engineer IV,aklimpke84@example.com
294,Ediva,Collabine,Female,Cost Accountant,ecollabine85@1und1.de
295,Reggi,Baskett,Female,Recruiter,rbaskett86@fotki.com
296,Stormie,Addis,Male,Technical Writer,saddis87@tripadvisor.com
297,Renee,Cardew,Male,Nurse,rcardew88@facebook.com
298,Kelli,Ferrai,Female,Food Chemist,kferrai89@redcross.org
299,Anya,MacClay,Female,Project Manager,amacclay8a@examiner.com
300,Hiram,Whitsey,Female,Media Manager I,hwhitsey8b@pen.io
301,Lillis,Halson,Male,Safety Technician II,lhalson8c@ebay.co.uk
302,Lanny,Addey,Female,Recruiting Manager,laddey8d@imdb.com
303,Reg,Mulqueen,Male,Environmental Specialist,rmulqueen8e@ning.com
304,Ursuline,Jell,Female,Nurse,ujell8f@twitter.com
305,Beck,Jobin,Female,GIS Technical Architect,bjobin8g@cocolog-nifty.com
306,Maurie,Richardet,Male,Food Chemist,mrichardet8h@vistaprint.com
307,Kerianne,Bawles,Female,Clinical Specialist,kbawles8i@bizjournals.com
308,Zulema,Malthus,Female,Administrative Assistant III,zmalthus8j@parallels.com
309,Oralie,Galier,Male,Research Nurse,ogalier8k@imageshack.us
310,Erinn,Gerauld,Male,Statistician IV,egerauld8l@nationalgeographic.com
311,Yoko,Rowling,Male,General Manager,yrowling8m@feedburner.com
312,Ermanno,Shawcroft,Female,Office Assistant II,eshawcroft8n@noaa.gov
313,Maryrose,Quidenham,Male,Software Test Engineer III,mquidenham8o@facebook.com
314,Spike,Penright,Male,Help Desk Operator,spenright8p@google.cn
315,Mariel,Slator,Female,Registered Nurse,mslator8q@soup.io
316,Rodolph,Trotter,Male,Mechanical Systems Engineer,rtrotter8r@google.co.uk
317,Kristofer,Hammerton,Female,Media Manager III,khammerton8s@shutterfly.com
318,Norine,Cranstone,Female,Software Consultant,ncranstone8t@unesco.org
319,Tobe,Dmtrovic,Male,Social Worker,tdmtrovic8u@mac.com
320,Eolande,Bollini,Male,Structural Analysis Engineer,ebollini8v@ed.gov
321,Kizzee,Pascall,Female,Electrical Engineer,kpascall8w@nsw.gov.au
322,Correna,Beardsdale,Female,Quality Control Specialist,cbeardsdale8x@a8.net
323,Giacobo,Doldon,Female,Health Coach I,gdoldon8y@vimeo.com
324,Francoise,Sabine,Female,Computer Systems Analyst II,fsabine8z@engadget.com
325,Mela,Petyt,Female,Software Engineer I,mpetyt90@webeden.co.uk
326,Sabina,Silcock,Male,Database Administrator IV,ssilcock91@vinaora.com
327,Emily,Ratchford,Female,Research Nurse,eratchford92@exblog.jp
328,Ham,Symmers,Female,Social Worker,hsymmers93@google.com.br
329,Lacy,Fould,Female,Geological Engineer,lfould94@unicef.org
330,Benjamin,Nethercott,Male,VP Marketing,bnethercott95@desdev.cn
331,Rhona,Gallear,Female,Human Resources Manager,rgallear96@omniture.com
332,Cortney,Fricker,Male,Speech Pathologist,cfricker97@un.org
333,Cullie,Meegan,Female,Staff Accountant III,cmeegan98@blogtalkradio.com
334,Damian,Powlesland,Female,Marketing Assistant,dpowlesland99@arizona.edu
335,Gayleen,Limbert,Male,Operator,glimbert9a@narod.ru
336,Reine,Batalle,Male,Business Systems Development Analyst,rbatalle9b@skyrock.com
337,Ardisj,Dyble,Male,Director of Sales,adyble9c@e-recht24.de
338,Elnora,Bramont,Male,Nuclear Power Engineer,ebramont9d@imdb.com
339,Trista,Nevin,Male,Research Associate,tnevin9e@sogou.com
340,Willi,Mantripp,Female,Assistant Media Planner,wmantripp9f@flavors.me
341,Aida,Farloe,Male,Help Desk Operator,afarloe9g@ning.com
342,Darin,Alecock,Male,Safety Technician IV,dalecock9h@goodreads.com
343,Faustina,Agates,Male,Quality Engineer,fagates9i@fema.gov
344,Jakob,Dabell,Male,Product Engineer,jdabell9j@infoseek.co.jp
345,Archer,Ackenson,Female,Research Assistant II,aackenson9k@drupal.org
346,Sharyl,Skalls,Male,Junior Executive,sskalls9l@washingtonpost.com
347,Nickie,Pauleau,Male,Chemical Engineer,npauleau9m@omniture.com
348,Sheffield,Trevon,Female,Account Executive,strevon9n@bbc.co.uk
349,Halie,Folca,Male,Accounting Assistant I,hfolca9o@digg.com
350,Nolie,Busch,Female,Statistician IV,nbusch9p@soundcloud.com
351,Timotheus,Greenset,Female,Health Coach III,tgreenset9q@godaddy.com
352,Camey,Vannoni,Female,Account Executive,cvannoni9r@si.edu
353,Sianna,Arkow,Female,Financial Advisor,sarkow9s@dailymotion.com
354,Madelena,Tortoishell,Female,Marketing Assistant,mtortoishell9t@who.int
355,Kimble,Hoolaghan,Female,Community Outreach Specialist,khoolaghan9u@chronoengine.com
356,Elyn,Stannah,Female,Staff Scientist,estannah9v@freewebs.com
357,Beulah,Sweatman,Male,Financial Analyst,bsweatman9w@sbwire.com
358,Durante,Marton,Male,Help Desk Operator,dmarton9x@fda.gov
359,Jorgan,Thorald,Female,Staff Accountant IV,jthorald9y@fema.gov
360,Bev,Nuton,Female,Media Manager II,bnuton9z@unblog.fr
361,Inglis,Kerby,Female,General Manager,ikerbya0@berkeley.edu
362,Hervey,Greeves,Female,Administrative Assistant III,hgreevesa1@tmall.com
363,Tony,Stuttard,Female,Safety Technician III,tstuttarda2@multiply.com
364,Janeczka,Wabe,Male,Environmental Tech,jwabea3@intel.com
365,Patty,Piatkow,Male,Software Consultant,ppiatkowa4@issuu.com
366,Base,Matusiak,Female,VP Product Management,bmatusiaka5@usnews.com
367,Josie,Dood,Female,Librarian,jdooda6@huffingtonpost.com
368,Herb,Lippo,Female,Executive Secretary,hlippoa7@nifty.com
369,Fleur,Totterdill,Male,Accounting Assistant I,ftotterdilla8@census.gov
370,Danya,Catterson,Male,Web Designer IV,dcattersona9@aboutads.info
371,Fraser,Tomala,Male,Technical Writer,ftomalaaa@bravesites.com
372,Olive,Scurrer,Female,Desktop Support Technician,oscurrerab@constantcontact.com
373,Shanna,Harbour,Female,Web Developer IV,sharbourac@yellowbook.com
374,Sarina,Thornber,Female,Safety Technician II,sthornberad@newsvine.com
375,John,Willatt,Male,Design Engineer,jwillattae@addthis.com
376,Deedee,Lumb,Female,Chief Design Engineer,dlumbaf@bbc.co.uk
377,Cathyleen,Christian,Female,Design Engineer,cchristianag@amazon.com
378,Gerome,Macklin,Male,Senior Cost Accountant,gmacklinah@vkontakte.ru
379,Willie,Marzello,Female,Food Chemist,wmarzelloai@hc360.com
380,Barnie,Watsham,Female,Engineer III,bwatshamaj@va.gov
381,Kayley,Sandaver,Male,Structural Engineer,ksandaverak@hp.com
382,Rogerio,Gyorgy,Female,Speech Pathologist,rgyorgyal@uol.com.br
383,Lavena,Wicken,Male,Business Systems Development Analyst,lwickenam@yellowbook.com
384,Arlen,Skahill,Female,Systems Administrator II,askahillan@youtube.com
385,Ave,Skull,Male,VP Quality Control,askullao@vk.com
386,Alie,Tingley,Male,Account Executive,atingleyap@infoseek.co.jp
387,Elly,Tolchar,Female,Physical Therapy Assistant,etolcharaq@hud.gov
388,Harold,Panyer,Male,Senior Sales Associate,hpanyerar@hatena.ne.jp
389,Hanan,Banane,Male,Dental Hygienist,hbananeas@elegantthemes.com
390,Sheilah,Rudsdale,Female,Information Systems Manager,srudsdaleat@netvibes.com
391,Bibbye,Jouhandeau,Female,Quality Control Specialist,bjouhandeauau@toplist.cz
392,Bearnard,O'Cosgra,Male,Payment Adjustment Coordinator,bocosgraav@linkedin.com
393,Dacia,Vanyard,Male,Paralegal,dvanyardaw@indiatimes.com
394,Prissie,Dearness,Male,Assistant Media Planner,pdearnessax@ftc.gov
395,Stephen,Garey,Female,Accounting Assistant II,sgareyay@sciencedirect.com
396,Katina,Bottini,Male,VP Product Management,kbottiniaz@oracle.com
397,Gweneth,Van der Kruys,Female,GIS Technical Architect,gvanderkruysb0@zdnet.com
398,Martainn,Capinetti,Male,Computer Systems Analyst IV,mcapinettib1@diigo.com
399,Gill,Start,Male,GIS Technical Architect,gstartb2@google.co.uk
400,Dara,Gladebeck,Female,Legal Assistant,dgladebeckb3@tripadvisor.com
401,Cristi,Pecha,Male,Account Executive,cpechab4@geocities.jp
402,Tim,Oliff,Male,GIS Technical Architect,toliffb5@fema.gov
403,Rod,Siemens,Female,Dental Hygienist,rsiemensb6@quantcast.com
404,Aggie,Adkins,Male,Developer III,aadkinsb7@google.es
405,Elset,Pyrke,Male,Electrical Engineer,epyrkeb8@printfriendly.com
406,Nannette,Fergyson,Male,Assistant Media Planner,nfergysonb9@printfriendly.com
407,Libbie,O'Fogerty,Female,Help Desk Operator,lofogertyba@prlog.org
408,Jeniffer,Rothschild,Female,Clinical Specialist,jrothschildbb@gravatar.com
409,Jose,Gostridge,Female,Senior Developer,jgostridgebc@china.com.cn
410,Sherrie,Prentice,Female,Actuary,sprenticebd@hao123.com
411,Ev,Waterman,Female,Analog Circuit Design manager,ewatermanbe@answers.com
412,Margy,Danels,Female,Electrical Engineer,mdanelsbf@a8.net
413,Lusa,Parish,Male,Safety Technician I,lparishbg@cbsnews.com
414,Catharine,Wasbey,Female,Structural Analysis Engineer,cwasbeybh@networksolutions.com
415,Walsh,Scaife,Female,Design Engineer,wscaifebi@thetimes.co.uk
416,Burr,Haps,Male,Design Engineer,bhapsbj@paginegialle.it
417,Fabe,Commings,Male,Assistant Media Planner,fcommingsbk@cdbaby.com
418,Maegan,Stennett,Male,Environmental Tech,mstennettbl@si.edu
419,Elisabetta,Stille,Female,VP Product Management,estillebm@wired.com
420,Wandie,Lamplugh,Male,Nurse Practicioner,wlamplughbn@wikispaces.com
421,Hobart,Greger,Female,Office Assistant II,hgregerbo@toplist.cz
422,Vanni,Whyte,Male,Sales Representative,vwhytebp@uol.com.br
423,Huey,Levin,Male,Sales Representative,hlevinbq@hostgator.com
424,Yorgo,Norrey,Female,Product Engineer,ynorreybr@columbia.edu
425,Sandra,Cowap,Female,VP Accounting,scowapbs@kickstarter.com
426,Sandie,Langlais,Male,Accountant IV,slanglaisbt@blogs.com
427,Darby,Isles,Male,Electrical Engineer,dislesbu@independent.co.uk
428,Joshua,Apfler,Male,Payment Adjustment Coordinator,japflerbv@army.mil
429,Noni,Clulow,Female,Account Representative III,nclulowbw@soundcloud.com
430,Hiram,Wotton,Male,Senior Financial Analyst,hwottonbx@studiopress.com
431,Alanna,Murfill,Male,Biostatistician I,amurfillby@scribd.com
432,Joana,Feltoe,Female,Structural Analysis Engineer,jfeltoebz@lulu.com
433,Fielding,Spain-Gower,Female,Nurse Practicioner,fspaingowerc0@w3.org
434,Tania,Dowell,Female,Librarian,tdowellc1@prnewswire.com
435,Ayn,Norree,Female,Web Developer III,anorreec2@chronoengine.com
436,Con,Soames,Male,Registered Nurse,csoamesc3@economist.com
437,Krystal,Hanmore,Male,Operator,khanmorec4@tmall.com
438,Abe,Deamer,Female,Software Engineer I,adeamerc5@hhs.gov
439,Kurtis,Carverhill,Male,Biostatistician III,kcarverhillc6@google.es
440,Ralina,Engel,Female,Software Test Engineer II,rengelc7@auda.org.au
441,Joyous,Domenichini,Female,Librarian,jdomenichinic8@harvard.edu
442,Star,Connold,Female,Assistant Manager,sconnoldc9@eventbrite.com
443,Darsey,Donovin,Male,VP Accounting,ddonovinca@clickbank.net
444,Kane,McPhail,Male,Account Executive,kmcphailcb@discovery.com
445,Lynda,Bleacher,Female,Occupational Therapist,lbleachercc@tripod.com
446,Helen-elizabeth,MacInerney,Female,VP Accounting,hmacinerneycd@google.pl
447,Britte,Hanford,Female,Social Worker,bhanfordce@fastcompany.com
448,Nichols,Kevis,Male,Human Resources Assistant IV,nkeviscf@shutterfly.com
449,Danya,Murrum,Female,Technical Writer,dmurrumcg@hp.com
450,Franklyn,Herion,Male,Recruiter,fherionch@wsj.com
451,Ax,Roma,Female,Librarian,aromaci@sciencedirect.com
452,Lillian,Helder,Female,Graphic Designer,lheldercj@xrea.com
453,Vally,Partington,Male,VP Accounting,vpartingtonck@foxnews.com
454,Hazel,Kertess,Male,Graphic Designer,hkertesscl@statcounter.com
455,Corina,Fieldgate,Male,Operator,cfieldgatecm@moonfruit.com
456,Jackqueline,Ferrandez,Male,Quality Engineer,jferrandezcn@reddit.com
457,Mile,Whellans,Female,VP Marketing,mwhellansco@naver.com
458,Artemus,Larkworthy,Female,Financial Analyst,alarkworthycp@tripod.com
459,Adelheid,Sugden,Female,Food Chemist,asugdencq@linkedin.com
460,Micheil,Stalley,Male,Automation Specialist I,mstalleycr@ifeng.com
461,Sharia,Lounds,Male,Help Desk Technician,sloundscs@webnode.com
462,Ermengarde,Levine,Female,Research Nurse,elevinect@cyberchimps.com
463,Flory,Kenryd,Male,Director of Sales,fkenrydcu@earthlink.net
464,Lorne,Neathway,Female,Civil Engineer,lneathwaycv@bing.com
465,Nathanial,Callacher,Male,Nuclear Power Engineer,ncallachercw@google.ca
466,Yolane,Keith,Female,Accountant I,ykeithcx@bbc.co.uk
467,Barr,Nolleau,Male,Senior Quality Engineer,bnolleaucy@cbsnews.com
468,Reggie,McClifferty,Female,Project Manager,rmccliffertycz@blinklist.com
469,Michale,Kupec,Male,Senior Quality Engineer,mkupecd0@canalblog.com
470,Pancho,Willcock,Male,Help Desk Operator,pwillcockd1@ucla.edu
471,Bud,Lagneaux,Female,Software Consultant,blagneauxd2@alexa.com
472,Carlynn,Matasov,Female,Account Representative II,cmatasovd3@bloomberg.com
473,Molli,Chomicki,Male,Research Assistant IV,mchomickid4@wired.com
474,Darell,Wondraschek,Male,Research Associate,dwondraschekd5@foxnews.com
475,Kayle,Bayman,Male,Budget/Accounting Analyst IV,kbaymand6@chronoengine.com
476,Sioux,Gaskamp,Female,Environmental Specialist,sgaskampd7@rakuten.co.jp
477,Cheryl,Aves,Female,Media Manager II,cavesd8@t.co
478,Fina,Prate,Male,Sales Representative,fprated9@photobucket.com
479,Karylin,Attril,Female,Civil Engineer,kattrilda@slashdot.org
480,Dannie,Bazoche,Male,Analog Circuit Design manager,dbazochedb@globo.com
481,Robbi,Thirlwall,Female,Structural Analysis Engineer,rthirlwalldc@wiley.com
482,Tiffani,Tomasz,Male,Environmental Specialist,ttomaszdd@ihg.com
483,Demetra,Lorinez,Male,VP Quality Control,dlorinezde@hexun.com
484,Vladimir,Hall-Gough,Male,Environmental Specialist,vhallgoughdf@joomla.org
485,Lacie,Gooday,Male,Professor,lgoodaydg@archive.org
486,Bee,Crickmer,Male,Human Resources Assistant I,bcrickmerdh@soup.io
487,Taber,Badrick,Male,Accountant II,tbadrickdi@ucoz.ru
488,Arman,Blowers,Female,VP Quality Control,ablowersdj@geocities.jp
489,Cori,Andersson,Female,Desktop Support Technician,canderssondk@plala.or.jp
490,Antone,Gyde,Male,Senior Quality Engineer,agydedl@weibo.com
491,Bernadine,Blower,Female,Database Administrator II,bblowerdm@cbc.ca
492,Kalie,Redding,Female,Social Worker,kreddingdn@state.tx.us
493,Trixie,Gealy,Female,Legal Assistant,tgealydo@ca.gov
494,Cynthy,Maris,Female,Geologist IV,cmarisdp@examiner.com
495,Harley,Burriss,Male,Teacher,hburrissdq@ask.com
496,Lee,Lamyman,Female,Chemical Engineer,llamymandr@yahoo.com
497,Aaron,Ripley,Male,Programmer I,aripleyds@tripadvisor.com
498,Shellysheldon,Slight,Female,Compensation Analyst,sslightdt@godaddy.com
499,Lilly,Nangle,Female,Environmental Specialist,lnangledu@slideshare.net
500,Chiarra,Rae,Female,Community Outreach Specialist,craedv@lycos.com
501,Burtie,McLuckie,Male,Payment Adjustment Coordinator,bmcluckiedw@sourceforge.net
502,Ketty,Nesbit,Male,Electrical Engineer,knesbitdx@spiegel.de
503,Arman,Yve,Female,Quality Engineer,ayvedy@skyrock.com
504,Adria,Switsur,Female,Internal Auditor,aswitsurdz@netvibes.com
505,Susanetta,Balint,Female,Project Manager,sbalinte0@weebly.com
506,Damara,Darragon,Male,Chief Design Engineer,ddarragone1@arstechnica.com
507,Wesley,Chedzoy,Male,VP Product Management,wchedzoye2@wunderground.com
508,Aylmar,Mordey,Female,Operator,amordeye3@yahoo.co.jp
509,Carlyle,Barrell,Male,Associate Professor,cbarrelle4@feedburner.com
510,Leticia,Ivy,Female,Research Associate,livye5@google.ru
511,Shandie,Mossom,Female,Junior Executive,smossome6@apple.com
512,Ardelis,Pitkin,Male,Systems Administrator II,apitkine7@twitpic.com
513,Jessee,Cestard,Female,Business Systems Development Analyst,jcestarde8@domainmarket.com
514,Janenna,Sanzio,Female,Mechanical Systems Engineer,jsanzioe9@techcrunch.com
515,Udall,Mynard,Female,VP Quality Control,umynardea@mtv.com
516,Jyoti,Currington,Female,Information Systems Manager,jcurringtoneb@spotify.com
517,Nil,Winsiowiecki,Male,Senior Sales Associate,nwinsiowieckiec@flavors.me
518,Hadley,Haccleton,Female,Administrative Officer,hhaccletoned@furl.net
519,Lexine,Bartolomeu,Male,Cost Accountant,lbartolomeuee@buzzfeed.com
520,Sutton,Bachelar,Female,Sales Representative,sbachelaref@independent.co.uk
521,Elsie,Ashby,Male,Chief Design Engineer,eashbyeg@paypal.com
522,Phaedra,Ayrton,Female,Technical Writer,payrtoneh@amazon.de
523,Kermy,Burren,Female,Paralegal,kburrenei@spotify.com
524,Gerda,MacAleese,Male,Registered Nurse,gmacaleeseej@rambler.ru
525,Darryl,Shearwood,Female,Administrative Officer,dshearwoodek@php.net
526,Julieta,Ivison,Female,Professor,jivisonel@cbslocal.com
527,Emmi,Wooffitt,Female,Analyst Programmer,ewooffittem@dagondesign.com
528,Shayla,Lipscomb,Male,Technical Writer,slipscomben@accuweather.com
529,Isadore,Lyddiatt,Female,Environmental Tech,ilyddiatteo@seesaa.net
530,Faye,Peattie,Male,Environmental Specialist,fpeattieep@wikipedia.org
531,Clemmie,Carrel,Male,Automation Specialist II,ccarreleq@cyberchimps.com
532,Xylia,Ferrar,Male,Food Chemist,xferrarer@squarespace.com
533,Finlay,Dunkerly,Male,Office Assistant II,fdunkerlyes@icio.us
534,Barty,MacQuarrie,Male,Chief Design Engineer,bmacquarrieet@nasa.gov
535,Aubrette,Abrahmson,Female,Programmer Analyst I,aabrahmsoneu@dyndns.org
536,Hetti,Borges,Male,Biostatistician IV,hborgesev@scribd.com
537,Delinda,Sarfati,Female,Programmer I,dsarfatiew@xrea.com
538,Robinett,Bacup,Female,Junior Executive,rbacupex@marriott.com
539,Karlan,Burnard,Female,Product Engineer,kburnardey@barnesandnoble.com
540,Colette,Nelsen,Male,Payment Adjustment Coordinator,cnelsenez@tinypic.com
541,Regan,Hansom,Male,Civil Engineer,rhansomf0@tinypic.com
542,Chilton,Swinglehurst,Male,Senior Cost Accountant,cswinglehurstf1@fastcompany.com
543,Any,Toft,Female,Assistant Manager,atoftf2@digg.com
544,Wyatan,Kusick,Male,Internal Auditor,wkusickf3@miibeian.gov.cn
545,Rafaello,Penna,Female,Office Assistant III,rpennaf4@ft.com
546,Rivy,Sirr,Female,Mechanical Systems Engineer,rsirrf5@census.gov
547,Annalise,Rollins,Female,Account Executive,arollinsf6@chicagotribune.com
548,Gerry,Burnsall,Male,Pharmacist,gburnsallf7@yelp.com
549,Leela,Duffit,Female,Clinical Specialist,lduffitf8@nyu.edu
550,Rahel,Weatherall,Male,Recruiter,rweatherallf9@intel.com
551,Darla,Devereux,Female,Mechanical Systems Engineer,ddevereuxfa@pcworld.com
552,Cheston,Old,Female,Systems Administrator II,coldfb@house.gov
553,Garland,Aldis,Male,Software Test Engineer II,galdisfc@google.cn
554,Bryant,Pymm,Male,Legal Assistant,bpymmfd@icio.us
555,Grant,Perrott,Female,Internal Auditor,gperrottfe@weather.com
556,Kandy,Schreurs,Female,Accounting Assistant IV,kschreursff@hhs.gov
557,Jesus,Hastler,Female,Systems Administrator I,jhastlerfg@paginegialle.it
558,Griffy,Aleveque,Male,Computer Systems Analyst I,galevequefh@cdbaby.com
559,Janelle,Glassopp,Male,VP Accounting,jglassoppfi@delicious.com
560,Fanni,Casillis,Female,Biostatistician II,fcasillisfj@sbwire.com
561,Aurelea,Overton,Male,Internal Auditor,aovertonfk@wikimedia.org
562,Herschel,Braden,Male,Cost Accountant,hbradenfl@studiopress.com
563,Salem,Bygrove,Male,Clinical Specialist,sbygrovefm@unc.edu
564,Madelina,Fruen,Female,Food Chemist,mfruenfn@economist.com
565,Pris,Laurie,Female,Operator,plauriefo@vistaprint.com
566,Gill,Kidby,Male,Financial Advisor,gkidbyfp@yahoo.com
567,Robbi,Orpin,Male,Structural Analysis Engineer,rorpinfq@elegantthemes.com
568,Mahmoud,Yurin,Female,Civil Engineer,myurinfr@seattletimes.com
569,Margot,Duggary,Female,Budget/Accounting Analyst I,mduggaryfs@reverbnation.com
570,Jolee,Carress,Male,Sales Representative,jcarressft@de.vu
571,Gerry,Somes,Female,Health Coach II,gsomesfu@technorati.com
572,Percival,O'Shesnan,Male,Database Administrator II,poshesnanfv@istockphoto.com
573,Reamonn,Faldo,Male,Financial Analyst,rfaldofw@hugedomains.com
574,Brad,Petranek,Male,Administrative Assistant II,bpetranekfx@thetimes.co.uk
575,Abbye,Dubique,Male,Recruiter,adubiquefy@globo.com
576,Giraud,Turneaux,Male,Administrative Officer,gturneauxfz@webnode.com
577,Laurence,Horry,Female,Senior Sales Associate,lhorryg0@nbcnews.com
578,Lonnard,Demeza,Male,Biostatistician II,ldemezag1@skyrock.com
579,Yolanda,Spratley,Female,Quality Engineer,yspratleyg2@reddit.com
580,Lynnelle,Rubke,Male,Recruiting Manager,lrubkeg3@blogtalkradio.com
581,Maurice,Kirwood,Male,Tax Accountant,mkirwoodg4@phoca.cz
582,Carola,Boggers,Female,Automation Specialist I,cboggersg5@go.com
583,Kitti,Hazeltine,Male,Administrative Assistant IV,khazeltineg6@sfgate.com
584,Pen,Aubery,Male,Programmer Analyst III,pauberyg7@sciencedaily.com
585,Madlen,Crosen,Male,General Manager,mcroseng8@springer.com
586,Alix,McDougall,Male,Assistant Professor,amcdougallg9@state.gov
587,Audry,Sapwell,Male,Nurse Practicioner,asapwellga@opera.com
588,Evita,Palleske,Female,Professor,epalleskegb@archive.org
589,Kriste,Roggerone,Male,Associate Professor,kroggeronegc@wufoo.com
590,Philbert,Bann,Male,Software Engineer IV,pbanngd@instagram.com
591,Johnnie,Storks,Male,Research Nurse,jstorksge@mlb.com
592,Graehme,Proudley,Female,Director of Sales,gproudleygf@thetimes.co.uk
593,Haleigh,McKelvey,Female,Cost Accountant,hmckelveygg@networkadvertising.org
594,Perry,Sowman,Male,Speech Pathologist,psowmangh@thetimes.co.uk
595,Corty,Nansom,Female,Account Coordinator,cnansomgi@dedecms.com
596,Therese,Eastmond,Female,Dental Hygienist,teastmondgj@free.fr
597,Maren,Arbuckel,Female,Desktop Support Technician,marbuckelgk@ustream.tv
598,Benny,Fells,Female,Data Coordiator,bfellsgl@barnesandnoble.com
599,Arnoldo,Monckton,Male,Professor,amoncktongm@shop-pro.jp
600,Brannon,Gush,Male,Civil Engineer,bgushgn@xrea.com
601,Horacio,Adrienne,Female,GIS Technical Architect,hadriennego@goo.gl
602,Aura,Sante,Female,Director of Sales,asantegp@marriott.com
603,Thatch,Galliford,Male,Web Developer IV,tgallifordgq@redcross.org
604,Thane,Titmus,Female,Research Associate,ttitmusgr@4shared.com
605,Guinna,Jerzyk,Female,Safety Technician III,gjerzykgs@soundcloud.com
606,Cozmo,Caldaro,Male,Financial Analyst,ccaldarogt@npr.org
607,Morrie,Wife,Female,General Manager,mwifegu@comsenz.com
608,Elinor,Satterly,Female,Environmental Tech,esatterlygv@stanford.edu
609,Octavius,Clappison,Male,Geological Engineer,oclappisongw@umn.edu
610,Miguelita,Deniskevich,Female,Structural Analysis Engineer,mdeniskevichgx@icq.com
611,Dyan,Rollings,Male,Assistant Professor,drollingsgy@spotify.com
612,Vinny,Cromblehome,Female,Mechanical Systems Engineer,vcromblehomegz@nps.gov
613,Jeannie,Chotty,Female,Senior Editor,jchottyh0@qq.com
614,Akim,Spafford,Female,Tax Accountant,aspaffordh1@admin.ch
615,Agnes,Stroder,Female,Accountant III,astroderh2@bbc.co.uk
616,Stace,Fenn,Male,Human Resources Assistant II,sfennh3@plala.or.jp
617,Renie,McGlew,Male,Help Desk Technician,rmcglewh4@reverbnation.com
618,Frederic,Durant,Female,Biostatistician I,fduranth5@biblegateway.com
619,Dorolisa,Schafer,Male,Product Engineer,dschaferh6@twitter.com
620,Kathrine,Kirk,Female,Senior Editor,kkirkh7@icq.com
621,Jasper,Lesper,Male,Senior Sales Associate,jlesperh8@cargocollective.com
622,Arlen,Bohan,Male,Payment Adjustment Coordinator,abohanh9@posterous.com
623,Kean,Nare,Female,Professor,knareha@wikia.com
624,Winona,Creedland,Male,Software Test Engineer III,wcreedlandhb@lulu.com
625,Mildred,Achurch,Male,Technical Writer,machurchhc@lycos.com
626,Alexandr,Favelle,Female,Budget/Accounting Analyst I,afavellehd@google.nl
627,Ewell,Lorrie,Female,Systems Administrator I,elorriehe@netlog.com
628,Cherin,Mateiko,Female,Environmental Specialist,cmateikohf@indiegogo.com
629,Trey,Feldbrin,Female,Developer IV,tfeldbrinhg@jigsy.com
630,Hesther,Sinkins,Female,Assistant Media Planner,hsinkinshh@elpais.com
631,Birdie,Penniell,Female,Sales Associate,bpenniellhi@oracle.com
632,Marlin,Kaasman,Male,Programmer Analyst II,mkaasmanhj@ftc.gov
633,Lucretia,Legat,Female,Actuary,llegathk@reference.com
634,Isidoro,Infantino,Female,Developer III,iinfantinohl@latimes.com
635,Nicoline,Ferro,Female,Community Outreach Specialist,nferrohm@yellowpages.com
636,Abra,Wilsey,Female,Software Engineer II,awilseyhn@sitemeter.com
637,Rora,Pilsworth,Male,Food Chemist,rpilsworthho@over-blog.com
638,Dacy,Farrah,Female,Senior Financial Analyst,dfarrahhp@netvibes.com
639,Pat,Ceschi,Female,Programmer Analyst IV,pceschihq@bloomberg.com
640,Jarrod,Twallin,Male,Assistant Manager,jtwallinhr@hc360.com
641,Shelton,Dignon,Female,Cost Accountant,sdignonhs@facebook.com
642,Bernadene,Lavrinov,Male,Marketing Manager,blavrinovht@drupal.org
643,Arlyn,Wermerling,Male,Database Administrator IV,awermerlinghu@comsenz.com
644,Yancy,Sangra,Female,Geological Engineer,ysangrahv@live.com
645,Merell,Martinyuk,Male,Help Desk Operator,mmartinyukhw@nbcnews.com
646,Katey,Bonner,Female,Social Worker,kbonnerhx@gnu.org
647,Blondie,Culkin,Male,Assistant Media Planner,bculkinhy@theguardian.com
648,Quill,Ondracek,Female,Biostatistician I,qondracekhz@sitemeter.com
649,Christy,Mandrey,Male,Assistant Media Planner,cmandreyi0@skyrock.com
650,Dag,Haselden,Male,Desktop Support Technician,dhaseldeni1@gmpg.org
651,Laureen,Tredwell,Male,Marketing Assistant,ltredwelli2@scientificamerican.com
652,Marylee,Trainor,Male,VP Accounting,mtrainori3@xing.com
653,Alfreda,Pilmore,Female,Dental Hygienist,apilmorei4@wordpress.org
654,Byrle,Hein,Male,Physical Therapy Assistant,bheini5@imdb.com
655,Stephana,O'Feeney,Male,Web Developer II,sofeeneyi6@shinystat.com
656,Caresse,Flinn,Male,Software Test Engineer I,cflinni7@ask.com
657,Jacquenetta,Rolance,Female,Electrical Engineer,jrolancei8@goo.gl
658,Ferdie,Crockett,Male,Senior Cost Accountant,fcrocketti9@liveinternet.ru
659,Dania,Buddles,Male,Registered Nurse,dbuddlesia@shop-pro.jp
660,Alaster,Mordecai,Female,Nuclear Power Engineer,amordecaiib@ycombinator.com
661,Kerrill,Willshee,Male,Technical Writer,kwillsheeic@linkedin.com
662,Fritz,Bingham,Female,Technical Writer,fbinghamid@people.com.cn
663,Reine,Baudy,Male,VP Quality Control,rbaudyie@ebay.co.uk
664,Tatum,Karlsen,Female,Web Designer IV,tkarlsenif@adobe.com
665,Chad,Silverlock,Male,Information Systems Manager,csilverlockig@rediff.com
666,Latrena,Lesaunier,Male,Programmer Analyst I,llesaunierih@vk.com
667,Clevey,Pridmore,Female,Senior Cost Accountant,cpridmoreii@geocities.jp
668,Norina,Fenck,Male,Developer IV,nfenckij@xinhuanet.com
669,Viviyan,Goodinge,Male,Occupational Therapist,vgoodingeik@tiny.cc
670,Madalyn,Chaffe,Male,Clinical Specialist,mchaffeil@amazon.de
671,Virginia,Longbottom,Female,Registered Nurse,vlongbottomim@china.com.cn
672,Nissy,Woodland,Female,Senior Financial Analyst,nwoodlandin@google.ru
673,Lucky,Leneham,Female,Nurse,llenehamio@wordpress.com
674,Ailee,Chasemoore,Male,Staff Scientist,achasemooreip@pagesperso-orange.fr
675,Hymie,Pohls,Female,Human Resources Manager,hpohlsiq@epa.gov
676,Stacey,Levecque,Female,Environmental Tech,slevecqueir@bbc.co.uk
677,Ferdie,Hallsworth,Female,Assistant Media Planner,fhallsworthis@wordpress.org
678,Dudley,Dael,Male,Executive Secretary,ddaelit@tripadvisor.com
679,Mendel,Goard,Male,Librarian,mgoardiu@infoseek.co.jp
680,Culver,Saur,Female,Project Manager,csauriv@salon.com
681,Pearline,Yegorshin,Male,Compensation Analyst,pyegorshiniw@google.es
682,Adriena,Petow,Male,Analog Circuit Design manager,apetowix@economist.com
683,Danielle,Karsh,Female,Web Developer I,dkarshiy@angelfire.com
684,Tracy,Du Fray,Male,Account Representative II,tdufrayiz@qq.com
685,Mirabel,Lages,Male,Geologist IV,mlagesj0@technorati.com
686,Avie,Espinay,Male,Assistant Media Planner,aespinayj1@usda.gov
687,Christoforo,Olsson,Female,Food Chemist,colssonj2@imdb.com
688,Mitzi,Phoebe,Female,Nurse,mphoebej3@sbwire.com
689,Titos,Tuting,Male,Administrative Assistant IV,ttutingj4@buzzfeed.com
690,Erv,McCumskay,Male,Senior Cost Accountant,emccumskayj5@ask.com
691,Althea,McGeever,Female,Data Coordiator,amcgeeverj6@gov.uk
692,Corilla,Ollerhad,Female,Graphic Designer,collerhadj7@google.com.au
693,Akim,Scamadine,Male,Account Executive,ascamadinej8@umich.edu
694,Krissie,Ciobutaro,Male,Senior Financial Analyst,kciobutaroj9@marketwatch.com
695,Earvin,Liverock,Male,Sales Representative,eliverockja@delicious.com
696,Gale,Krzysztof,Male,Structural Analysis Engineer,gkrzysztofjb@twitter.com
697,Maxi,Rushe,Male,Administrative Assistant III,mrushejc@pen.io
698,Cindra,Murgatroyd,Male,Civil Engineer,cmurgatroydjd@dell.com
699,Irv,Huison,Female,Teacher,ihuisonje@shutterfly.com
700,Shirlene,Checcuzzi,Male,Marketing Manager,scheccuzzijf@ed.gov
701,Delainey,Widocks,Female,Operator,dwidocksjg@google.fr
702,Gherardo,Marjoribanks,Female,Assistant Professor,gmarjoribanksjh@edublogs.org
703,Wyatt,Spilstead,Female,Internal Auditor,wspilsteadji@state.gov
704,Shannah,Block,Male,Registered Nurse,sblockjj@devhub.com
705,Valina,Dregan,Female,Environmental Specialist,vdreganjk@engadget.com
706,Ertha,Arrigo,Male,Information Systems Manager,earrigojl@fc2.com
707,Kaia,Passie,Male,Help Desk Operator,kpassiejm@blogspot.com
708,Damian,Beyne,Male,Assistant Manager,dbeynejn@oracle.com
709,Zacharias,Dudman,Male,Geologist II,zdudmanjo@amazon.co.jp
710,Lock,McChruiter,Female,Systems Administrator II,lmcchruiterjp@bizjournals.com
711,Gustavus,Shearman,Female,Financial Advisor,gshearmanjq@redcross.org
712,Emmeline,Smyley,Male,General Manager,esmyleyjr@guardian.co.uk
713,Sebastien,Perritt,Female,Staff Scientist,sperrittjs@barnesandnoble.com
714,Stacey,Chipman,Male,Senior Quality Engineer,schipmanjt@salon.com
715,Matteo,Spandley,Male,Web Designer II,mspandleyju@elpais.com
716,Cymbre,Kimblin,Male,Clinical Specialist,ckimblinjv@va.gov
717,Sybyl,Josh,Female,Legal Assistant,sjoshjw@patch.com
718,Milzie,Galpen,Male,Help Desk Operator,mgalpenjx@china.com.cn
719,Noland,Martel,Male,Senior Editor,nmarteljy@trellian.com
720,Stavro,Dominichetti,Female,Research Assistant II,sdominichettijz@usa.gov
721,Brody,Dickin,Female,Graphic Designer,bdickink0@microsoft.com
722,Mike,Mitchener,Male,Quality Control Specialist,mmitchenerk1@soup.io
723,Erastus,Cunah,Female,Recruiting Manager,ecunahk2@cloudflare.com
724,Freddy,Rigts,Male,General Manager,frigtsk3@archive.org
725,Nathaniel,Ganiclef,Male,Staff Scientist,nganiclefk4@bravesites.com
726,Winn,Gwilym,Female,Recruiter,wgwilymk5@blogs.com
727,Conrade,Fotitt,Female,Research Assistant IV,cfotittk6@nyu.edu
728,Robenia,Kubera,Male,GIS Technical Architect,rkuberak7@webs.com
729,Loren,Walcher,Female,Office Assistant II,lwalcherk8@jigsy.com
730,Noby,Durrans,Male,VP Sales,ndurransk9@blogger.com
731,Barr,Thebes,Female,Sales Representative,bthebeska@adobe.com
732,Dougy,Renihan,Male,Senior Editor,drenihankb@goodreads.com
733,Margery,Titchard,Female,Human Resources Manager,mtitchardkc@tuttocitta.it
734,Lanita,Measey,Female,Associate Professor,lmeaseykd@pen.io
735,Oralia,Mattingly,Male,Design Engineer,omattinglyke@dot.gov
736,Elwin,Morgan,Female,Human Resources Assistant II,emorgankf@ftc.gov
737,Bronson,Callister,Male,Biostatistician II,bcallisterkg@patch.com
738,Claudetta,Loxly,Female,Data Coordiator,cloxlykh@i2i.jp
739,Filmore,Chooter,Male,Tax Accountant,fchooterki@github.io
740,Eolanda,Dimeloe,Male,Environmental Tech,edimeloekj@walmart.com
741,Basil,Ennew,Female,Help Desk Technician,bennewkk@amazonaws.com
742,Stepha,Gibby,Female,Media Manager IV,sgibbykl@ibm.com
743,Dion,Scholcroft,Female,Structural Analysis Engineer,dscholcroftkm@china.com.cn
744,Wolfie,Boodle,Male,Assistant Media Planner,wboodlekn@sbwire.com
745,Alie,Catherick,Male,Dental Hygienist,acatherickko@cbslocal.com
746,Kenyon,Mathevon,Female,Web Designer IV,kmathevonkp@bandcamp.com
747,Mufi,Fakeley,Female,Electrical Engineer,mfakeleykq@vkontakte.ru
748,Murvyn,Tipping,Female,Structural Analysis Engineer,mtippingkr@wp.com
749,Carr,Risso,Male,Structural Engineer,crissoks@seattletimes.com
750,Consuela,Martinuzzi,Male,Actuary,cmartinuzzikt@imageshack.us
751,Garald,Swindells,Female,Geological Engineer,gswindellsku@gmpg.org
752,Sharlene,Oxlee,Male,Data Coordiator,soxleekv@youtu.be
753,Ward,Tawn,Female,Dental Hygienist,wtawnkw@sakura.ne.jp
754,Lowell,Jope,Male,Registered Nurse,ljopekx@eepurl.com
755,Pen,Wesker,Female,Geologist IV,pweskerky@forbes.com
756,Loydie,Michelin,Male,General Manager,lmichelinkz@devhub.com
757,Rozalin,Godbold,Female,Staff Accountant I,rgodboldl0@yellowbook.com
758,Haleigh,Tofanini,Male,Desktop Support Technician,htofaninil1@symantec.com
759,Gaston,Trousdell,Male,Human Resources Manager,gtrousdelll2@mashable.com
760,Stanislaw,Yegorovnin,Female,Research Nurse,syegorovninl3@issuu.com
761,Thedric,Gertz,Male,Administrative Officer,tgertzl4@census.gov
762,Chad,Chinge,Male,Paralegal,cchingel5@sun.com
763,Kasper,Hutcheons,Female,Web Developer IV,khutcheonsl6@ning.com
764,Janean,Rodolico,Male,Mechanical Systems Engineer,jrodolicol7@wp.com
765,Mitchell,Brade,Male,Quality Control Specialist,mbradel8@usatoday.com
766,Stephanus,Ashplant,Female,Civil Engineer,sashplantl9@icio.us
767,Rickey,Bernhardsson,Male,Geologist IV,rbernhardssonla@usda.gov
768,Carmelia,Laurenty,Female,Environmental Specialist,claurentylb@bloomberg.com
769,Vallie,Gagg,Male,Structural Engineer,vgagglc@ihg.com
770,Sofie,Accomb,Female,Social Worker,saccombld@cdbaby.com
771,Betti,Grigori,Male,Electrical Engineer,bgrigorile@123-reg.co.uk
772,Gaylor,Hryskiewicz,Female,Chief Design Engineer,ghryskiewiczlf@homestead.com
773,Gretna,Vischi,Male,Food Chemist,gvischilg@amazon.co.uk
774,Gratia,Cordeau],Female,Teacher,gcordeaulh@nyu.edu
775,Sayers,Marzello,Male,Recruiting Manager,smarzelloli@angelfire.com
776,Amitie,Pateman,Female,Director of Sales,apatemanlj@booking.com
777,Guntar,Coulman,Female,Occupational Therapist,gcoulmanlk@w3.org
778,Graig,Denisard,Male,Developer IV,gdenisardll@netvibes.com
779,Irena,Prevett,Male,Information Systems Manager,iprevettlm@amazonaws.com
780,Antonia,Crummy,Male,Chemical Engineer,acrummyln@gravatar.com
781,Mikey,Kleen,Male,Teacher,mkleenlo@npr.org
782,Nicole,Kibbe,Male,Research Associate,nkibbelp@wikipedia.org
783,Murry,Godsell,Male,Software Test Engineer II,mgodselllq@ning.com
784,Jillian,Robertsen,Female,Occupational Therapist,jrobertsenlr@princeton.edu
785,Peg,Phettis,Female,Legal Assistant,pphettisls@sciencedirect.com
786,Hill,Hymer,Female,Desktop Support Technician,hhymerlt@hao123.com
787,Leroy,Van Weedenburg,Female,Assistant Manager,lvanweedenburglu@jalbum.net
788,Jamil,Curry,Male,Software Test Engineer III,jcurrylv@jugem.jp
789,Patience,Fontenot,Male,Product Engineer,pfontenotlw@mit.edu
790,Vidovic,Fiddeman,Male,Teacher,vfiddemanlx@ucoz.com
791,Kara-lynn,Kunzel,Female,Accounting Assistant II,kkunzelly@yale.edu
792,Christa,Batham,Male,Database Administrator III,cbathamlz@trellian.com
793,Elmira,Janczewski,Female,Information Systems Manager,ejanczewskim0@mapy.cz
794,Kristos,Gilgryst,Female,GIS Technical Architect,kgilgrystm1@amazon.co.uk
795,Lorna,Flinders,Male,Geological Engineer,lflindersm2@cnet.com
796,Shauna,Tatteshall,Female,Mechanical Systems Engineer,statteshallm3@networksolutions.com
797,Verene,Kupisz,Male,Speech Pathologist,vkupiszm4@g.co
798,Vincenty,Segrave,Female,Web Developer I,vsegravem5@storify.com
799,Perrine,Costan,Male,Programmer Analyst III,pcostanm6@phpbb.com
800,Micky,Newsham,Male,Associate Professor,mnewshamm7@bluehost.com
801,Jeanie,Ballam,Female,Programmer II,jballamm8@liveinternet.ru
802,Edmund,Gryglewski,Male,Statistician I,egryglewskim9@msn.com
803,Liam,Manvell,Male,Data Coordiator,lmanvellma@reverbnation.com
804,Richardo,Dukes,Male,VP Marketing,rdukesmb@sun.com
805,Yvor,Berard,Male,Programmer Analyst IV,yberardmc@de.vu
806,Bradly,Costin,Female,Clinical Specialist,bcostinmd@skype.com
807,Belita,Boyce,Male,Occupational Therapist,bboyceme@apache.org
808,Della,Baldam,Female,Data Coordiator,dbaldammf@wordpress.org
809,Brad,Wildman,Female,Tax Accountant,bwildmanmg@answers.com
810,Liliane,Postins,Male,Actuary,lpostinsmh@mysql.com
811,Winny,Andreas,Female,Health Coach IV,wandreasmi@bizjournals.com
812,Trula,Lockey,Female,Database Administrator I,tlockeymj@com.com
813,Archambault,Droghan,Female,Paralegal,adroghanmk@weibo.com
814,Coletta,Tolmie,Male,Assistant Manager,ctolmieml@nytimes.com
815,Glynis,Childrens,Female,Environmental Specialist,gchildrensmm@cdc.gov
816,Maegan,Simoni,Male,Clinical Specialist,msimonimn@gov.uk
817,Isaac,Choak,Female,VP Marketing,ichoakmo@nymag.com
818,Sydney,Casserly,Male,Financial Analyst,scasserlymp@bing.com
819,Krissie,Debold,Male,Software Engineer III,kdeboldmq@globo.com
820,Aurea,Tissiman,Male,Geologist IV,atissimanmr@nyu.edu
821,Nels,McCormack,Female,General Manager,nmccormackms@forbes.com
822,Haley,Gothard,Male,Junior Executive,hgothardmt@nhs.uk
823,Lynna,Feronet,Female,Product Engineer,lferonetmu@ted.com
824,Carmelina,Able,Male,Health Coach II,cablemv@angelfire.com
825,Evanne,Lantry,Female,Software Engineer IV,elantrymw@wikispaces.com
826,Tamas,Seaking,Female,Software Engineer III,tseakingmx@barnesandnoble.com
827,Mignon,Ousley,Female,Technical Writer,mousleymy@slashdot.org
828,Dagny,Ilden,Male,Desktop Support Technician,dildenmz@slate.com
829,Kate,Mc Meekin,Female,Software Engineer III,kmcmeekinn0@weather.com
830,Oriana,Forkan,Female,Registered Nurse,oforkann1@scribd.com
831,Ward,Tackell,Male,Computer Systems Analyst IV,wtackelln2@youku.com
832,Marcelia,Gaitskill,Female,Teacher,mgaitskilln3@bluehost.com
833,Carolus,Goane,Male,Environmental Tech,cgoanen4@utexas.edu
834,Felicdad,Hardcastle,Male,Operator,fhardcastlen5@berkeley.edu
835,Pepi,Garret,Female,Physical Therapy Assistant,pgarretn6@wikimedia.org
836,Archambault,Chaize,Female,Programmer Analyst IV,achaizen7@1688.com
837,Dominique,Luckcock,Male,Clinical Specialist,dluckcockn8@telegraph.co.uk
838,Sig,Real,Male,Systems Administrator II,srealn9@dagondesign.com
839,Brigitta,Scalia,Female,VP Accounting,bscaliana@un.org
840,Aggie,Lovemore,Male,Chemical Engineer,alovemorenb@oaic.gov.au
841,Gilly,Senn,Male,Tax Accountant,gsennnc@sitemeter.com
842,Laureen,Booij,Male,Compensation Analyst,lbooijnd@mac.com
843,Lamond,Crannage,Female,Occupational Therapist,lcrannagene@cdbaby.com
844,Gloria,Seckington,Male,GIS Technical Architect,gseckingtonnf@parallels.com
845,Lexine,Dunridge,Female,Senior Quality Engineer,ldunridgeng@surveymonkey.com
846,Meris,Lodford,Female,GIS Technical Architect,mlodfordnh@tinyurl.com
847,Theodoric,Tait,Female,Account Coordinator,ttaitni@biglobe.ne.jp
848,Bank,Skunes,Female,Automation Specialist III,bskunesnj@earthlink.net
849,Ken,Erswell,Male,Staff Scientist,kerswellnk@bandcamp.com
850,Gusta,Boultwood,Male,Design Engineer,gboultwoodnl@topsy.com
851,Gayler,Chawner,Female,Chief Design Engineer,gchawnernm@bravesites.com
852,Jackquelin,Jersch,Female,Electrical Engineer,jjerschnn@comcast.net
853,Oralee,Heberden,Male,Librarian,oheberdenno@sina.com.cn
854,Scotty,Doree,Male,Programmer I,sdoreenp@wikispaces.com
855,Cassie,Fulun,Male,Programmer Analyst I,cfulunnq@trellian.com
856,Yule,Poxon,Male,Recruiting Manager,ypoxonnr@shutterfly.com
857,Egon,Pasby,Female,Cost Accountant,epasbyns@ca.gov
858,Esther,Bernardini,Male,Associate Professor,ebernardinint@4shared.com
859,Klarrisa,Fishbourne,Female,Editor,kfishbournenu@mlb.com
860,Lynelle,Gillions,Female,Information Systems Manager,lgillionsnv@bigcartel.com
861,Bertrando,Ishchenko,Male,Information Systems Manager,bishchenkonw@abc.net.au
862,Ulrika,Bolliver,Male,Physical Therapy Assistant,ubollivernx@altervista.org
863,Lolita,Barribal,Male,Geological Engineer,lbarribalny@webs.com
864,Deva,Moretto,Female,VP Product Management,dmorettonz@nhs.uk
865,Emmery,Kinnard,Female,Teacher,ekinnardo0@plala.or.jp
866,Jeniffer,Borrowman,Male,Chemical Engineer,jborrowmano1@elpais.com
867,Dilan,Geillier,Female,Marketing Assistant,dgeilliero2@google.co.jp
868,Fritz,Bumpus,Male,Help Desk Operator,fbumpuso3@ucoz.ru
869,Whitaker,Buttriss,Male,Human Resources Assistant I,wbuttrisso4@kickstarter.com
870,Illa,Ivkovic,Female,Administrative Assistant III,iivkovico5@google.com.hk
871,Derby,Dohr,Male,Teacher,ddohro6@seattletimes.com
872,Grissel,Kelleway,Female,Project Manager,gkellewayo7@amazon.co.jp
873,Jemimah,Hachard,Male,Environmental Tech,jhachardo8@themeforest.net
874,Fields,Barens,Male,Civil Engineer,fbarenso9@auda.org.au
875,Padraic,Cavy,Male,Marketing Assistant,pcavyoa@4shared.com
876,Nixie,Cudby,Female,Nurse Practicioner,ncudbyob@seattletimes.com
877,Phebe,Kynd,Female,Environmental Tech,pkyndoc@angelfire.com
878,Shaun,Fosten,Female,Professor,sfostenod@jiathis.com
879,Doralyn,Duddle,Female,Geologist IV,dduddleoe@wikispaces.com
880,Ivie,Scobie,Female,Junior Executive,iscobieof@jigsy.com
881,Meggy,Salamon,Female,Assistant Media Planner,msalamonog@mashable.com
882,Papagena,Eskriet,Female,Chief Design Engineer,peskrietoh@biglobe.ne.jp
883,August,Tremblett,Male,Software Consultant,atremblettoi@ifeng.com
884,Lonna,Valenta,Male,Web Designer I,lvalentaoj@netvibes.com
885,Mariele,Platt,Female,Research Associate,mplattok@lycos.com
886,Milissent,Fullom,Male,Staff Accountant III,mfullomol@xrea.com
887,Templeton,Fidal,Female,Occupational Therapist,tfidalom@salon.com
888,Ignace,Wimlet,Female,VP Product Management,iwimleton@tamu.edu
889,Dimitri,Georgievski,Male,Recruiting Manager,dgeorgievskioo@scribd.com
890,Winslow,Bantham,Male,Account Representative I,wbanthamop@china.com.cn
891,Josefina,Tunder,Female,Information Systems Manager,jtunderoq@bloomberg.com
892,Floria,Dooney,Male,Speech Pathologist,fdooneyor@artisteer.com
893,Saundra,Kingman,Male,Analyst Programmer,skingmanos@bloglovin.com
894,Boot,Peppard,Female,Junior Executive,bpeppardot@cpanel.net
895,Joann,Vogeller,Male,VP Marketing,jvogellerou@amazon.com
896,Leta,MacCostye,Female,Web Developer II,lmaccostyeov@pinterest.com
897,Marie-ann,Sprott,Female,Research Associate,msprottow@linkedin.com
898,Kristopher,Wason,Male,VP Product Management,kwasonox@ucla.edu
899,Bambi,Wiltshaw,Female,VP Quality Control,bwiltshawoy@vistaprint.com
900,Ross,Southeran,Male,Programmer I,rsoutheranoz@unesco.org
901,Caren,Cant,Female,Systems Administrator IV,ccantp0@cmu.edu
902,Gaven,Champain,Male,Systems Administrator I,gchampainp1@microsoft.com
903,Agatha,Timms,Male,Data Coordiator,atimmsp2@parallels.com
904,Bryant,Bould,Male,Staff Accountant I,bbouldp3@foxnews.com
905,Sabrina,Skipperbottom,Male,Assistant Professor,sskipperbottomp4@cloudflare.com
906,Morgan,Clawe,Male,Desktop Support Technician,mclawep5@google.ru
907,Rodrick,Skayman,Male,Accountant II,rskaymanp6@naver.com
908,Hank,Mellanby,Female,Senior Financial Analyst,hmellanbyp7@mediafire.com
909,Elyn,Simison,Female,Internal Auditor,esimisonp8@chicagotribune.com
910,Mildred,Furze,Male,Marketing Manager,mfurzep9@macromedia.com
911,Annora,Slad,Female,Community Outreach Specialist,asladpa@narod.ru
912,Riley,Bonnyson,Female,Product Engineer,rbonnysonpb@acquirethisname.com
913,Archy,Fredson,Female,Automation Specialist II,afredsonpc@mayoclinic.com
914,Evangelina,Yedall,Male,Information Systems Manager,eyedallpd@quantcast.com
915,Reuben,Selcraig,Male,Accountant II,rselcraigpe@naver.com
916,Pet,Sporle,Female,Human Resources Manager,psporlepf@digg.com
917,Robbin,Hamblyn,Male,Programmer Analyst III,rhamblynpg@weather.com
918,Reidar,Paolo,Male,Marketing Assistant,rpaoloph@livejournal.com
919,Dwight,Enevold,Female,Cost Accountant,denevoldpi@multiply.com
920,Tedd,Juris,Male,Librarian,tjurispj@pbs.org
921,Ernesta,Lawrinson,Male,Health Coach III,elawrinsonpk@phoca.cz
922,Barbara,Mendonca,Male,Cost Accountant,bmendoncapl@altervista.org
923,Arty,Frampton,Male,Senior Cost Accountant,aframptonpm@scribd.com
924,Waldemar,Whiskerd,Female,Financial Analyst,wwhiskerdpn@virginia.edu
925,Mikkel,Jakoubek,Female,Sales Associate,mjakoubekpo@pinterest.com
926,Freida,Buret,Female,Community Outreach Specialist,fburetpp@pcworld.com
927,Shina,Franzel,Male,Staff Scientist,sfranzelpq@tripod.com
928,Winnah,Winchurch,Female,Geological Engineer,wwinchurchpr@hibu.com
929,Debbie,Killner,Male,Account Executive,dkillnerps@engadget.com
930,Silvester,Otter,Male,Web Developer IV,sotterpt@istockphoto.com
931,Conway,Birdwhistell,Male,Account Executive,cbirdwhistellpu@netlog.com
932,Gardy,Knobell,Female,Automation Specialist II,gknobellpv@tripadvisor.com
933,Currey,Firman,Female,Structural Analysis Engineer,cfirmanpw@a8.net
934,Benedikt,Beamish,Female,Database Administrator I,bbeamishpx@theglobeandmail.com
935,Carlin,Colcomb,Female,Civil Engineer,ccolcombpy@va.gov
936,Cynthie,Kimmerling,Female,Software Engineer IV,ckimmerlingpz@symantec.com
937,Vasili,Sartin,Female,Quality Control Specialist,vsartinq0@rakuten.co.jp
938,Cherye,McCreath,Male,Research Assistant III,cmccreathq1@ftc.gov
939,Dedie,Symon,Female,Director of Sales,dsymonq2@princeton.edu
940,Gordie,Slowgrave,Male,Product Engineer,gslowgraveq3@de.vu
941,Kalindi,Epdell,Female,Operator,kepdellq4@bing.com
942,Tudor,Weed,Male,Structural Engineer,tweedq5@amazon.co.uk
943,Hastings,Hought,Female,Research Assistant II,hhoughtq6@nydailynews.com
944,Micky,Hylands,Female,Staff Scientist,mhylandsq7@tinyurl.com
945,Kassie,Kenshole,Male,Analyst Programmer,kkensholeq8@ucla.edu
946,Erin,Cunney,Female,Environmental Tech,ecunneyq9@cmu.edu
947,Colene,Presland,Male,Associate Professor,cpreslandqa@amazon.co.uk
948,Agneta,Scroxton,Male,Environmental Specialist,ascroxtonqb@php.net
949,Egon,Sizzey,Female,Account Coordinator,esizzeyqc@sogou.com
950,Julina,Nestor,Male,Help Desk Technician,jnestorqd@google.fr
951,Bili,Harty,Male,Environmental Tech,bhartyqe@hubpages.com
952,Laetitia,Clears,Female,Technical Writer,lclearsqf@desdev.cn
953,Spencer,Giovanni,Male,General Manager,sgiovanniqg@storify.com
954,Novelia,Winsome,Female,Senior Cost Accountant,nwinsomeqh@answers.com
955,Jody,Hargreaves,Male,Engineer III,jhargreavesqi@edublogs.org
956,Rene,Gulc,Female,Senior Editor,rgulcqj@godaddy.com
957,Camellia,Mickelwright,Female,Teacher,cmickelwrightqk@bandcamp.com
958,Cassie,Tedahl,Male,Media Manager III,ctedahlql@sitemeter.com
959,Everett,Feragh,Male,Design Engineer,eferaghqm@netlog.com
960,Daisey,Openshaw,Female,Desktop Support Technician,dopenshawqn@dedecms.com
961,Adoree,Redan,Female,Civil Engineer,aredanqo@godaddy.com
962,Catie,Lupson,Male,Software Consultant,clupsonqp@ovh.net
963,Manya,Dixson,Female,Cost Accountant,mdixsonqq@unicef.org
964,Nicolea,Pol,Male,Account Coordinator,npolqr@addthis.com
965,Paulita,Issacof,Female,Office Assistant IV,pissacofqs@va.gov
966,Daron,Rushbrook,Female,Geological Engineer,drushbrookqt@intel.com
967,Lorant,Cardello,Female,Project Manager,lcardelloqu@gmpg.org
968,Arluene,Van Oord,Male,Sales Associate,avanoordqv@gmpg.org
969,Hetti,Muneely,Female,Recruiting Manager,hmuneelyqw@sakura.ne.jp
970,Myrvyn,De Vaux,Male,Computer Systems Analyst III,mdevauxqx@dagondesign.com
971,Ellsworth,Calverley,Female,Compensation Analyst,ecalverleyqy@fda.gov
972,Thacher,Bramelt,Male,Recruiter,tbrameltqz@edublogs.org
973,Nicole,Kelsow,Male,Project Manager,nkelsowr0@google.com.br
974,Norbert,Palffrey,Female,Safety Technician II,npalffreyr1@godaddy.com
975,Rhianon,Illesley,Male,Nuclear Power Engineer,rillesleyr2@dedecms.com
976,Candide,Poleykett,Female,Project Manager,cpoleykettr3@europa.eu
977,Jarrid,Breagan,Female,Human Resources Assistant III,jbreaganr4@so-net.ne.jp
978,Carly,Dome,Female,Marketing Manager,cdomer5@blinklist.com
979,Kessiah,Phillipson,Male,Research Assistant I,kphillipsonr6@ning.com
980,Diena,Keizman,Male,Social Worker,dkeizmanr7@dyndns.org
981,Caesar,Sprott,Female,Pharmacist,csprottr8@fc2.com
982,Beltran,Trevear,Female,Social Worker,btrevearr9@nbcnews.com
983,Yale,Dungey,Male,Mechanical Systems Engineer,ydungeyra@cbc.ca
984,Bone,Janks,Male,Pharmacist,bjanksrb@wunderground.com
985,Ripley,Daysh,Female,Media Manager I,rdayshrc@opera.com
986,Haily,Wickrath,Female,Structural Engineer,hwickrathrd@timesonline.co.uk
987,Tate,Klimentyonok,Female,Engineer IV,tklimentyonokre@tiny.cc
988,Leone,Pudan,Female,Automation Specialist IV,lpudanrf@vistaprint.com
989,Eadith,Halkyard,Female,Recruiting Manager,ehalkyardrg@vinaora.com
990,Revkah,Widmore,Female,Structural Analysis Engineer,rwidmorerh@arstechnica.com
991,Catherina,Stilwell,Male,Librarian,cstilwellri@bravesites.com
992,Gerek,Hagyard,Male,Help Desk Operator,ghagyardrj@myspace.com
993,Erminie,Kenen,Male,Sales Representative,ekenenrk@edublogs.org
994,Ruthe,Thomazin,Male,Statistician II,rthomazinrl@chronoengine.com
995,Zora,Bennedsen,Female,Account Representative I,zbennedsenrm@ocn.ne.jp
996,Rinaldo,Whylie,Female,Analog Circuit Design manager,rwhyliern@surveymonkey.com
997,Sissie,McWilliams,Female,Senior Sales Associate,smcwilliamsro@dropbox.com
998,Madella,Charlotte,Male,Speech Pathologist,mcharlotterp@washingtonpost.com
999,Sarge,Rude,Female,Speech Pathologist,sruderq@shop-pro.jp
1000,Rivi,Alsopp,Female,Analog Circuit Design manager,ralsopprr@edublogs.org
